{
  "roc_auc": 0.46994310858260363,
  "accuracy": 0.475,
  "precision": 0.47249190938511326,
  "recall": 0.4899328859060403,
  "f1": 0.48105436573311366,
  "confusion_matrix": [
    [
      139,
      163
    ],
    [
      152,
      146
    ]
  ],
  "n_samples": 600
}